"Title","Path","Visits","Visitors"
"关于我","about.md","21","0"
"Seaborn Lee - 身体力行地影响他人做出积极性的改变！","index.md","116","0"
"时间线","timeline.md","101","0"
"footer","培养者/wechat_template/footer.md","2","0"
"如何成为快乐高产的程序员","培养者/如何成为快乐高产的程序员.md","4","0"
"是时候停止找捷径了，开始练习吧","培养者/是时候停止找捷径了，开始练习吧.md","7","0"
"如何通过「刻意练习」提升面试能力","成长/2016-09-10-如何通过刻意练习成为面霸.md","4","0"
"ScrumGathering2013-苏州站参会感受","活动/scrumgathering2013-苏州站参会感受.md","1","0"
"为什么我读了计算机专业？","生活/why-i-study-programming.md","1","0"
"开不好站会？首先要知道不同阶段站会的目的不一样","编程/开不好站会？因为不同阶段站会的目的不一样.md","1","0"
